{
    "users": {
        "1": {
            "id_user": 1,
            "user": "admin",
            "password": "admin",
            "active": 1,
            "create_date": "2021-10-05",
            "update_date": "null"
        },
        "2": {
            "id_user": 2,
            "user": "erosjbc",
            "password": "erosjbc",
            "active": 1,
            "create_date": "2021-10-10",
            "update_date": "null"
        },
        "3": {
            "id_user": 3,
            "user": "alexv",
            "password": "alexv",
            "active": 0,
            "create_date": "2021-10-09",
            "update_date": "2021-10-10"
        }
    }
}